sfh,popupwidnow,sslfinal_state,request_url,url_of_anchor,web_traffic,url_length,age_of_domain,having_ip_address,result
1,-1,1,-1,-1,1,1,1,0,0
-1,-1,-1,-1,-1,0,1,1,1,1
1,-1,0,0,-1,0,-1,1,0,1
1,0,1,-1,-1,0,1,1,0,0
-1,-1,1,-1,0,0,-1,1,0,1
-1,-1,1,-1,-1,1,0,-1,0,1
1,-1,0,1,-1,0,0,1,0,-1
1,0,1,1,0,0,0,1,1,-1
-1,-1,0,-1,-1,-1,-1,1,0,0
-1,0,-1,-1,1,1,0,-1,0,1
-1,-1,0,-1,-1,1,-1,-1,0,1
1,0,1,1,1,-1,1,1,0,-1
1,-1,0,-1,1,0,1,1,0,1
1,0,1,0,-1,1,0,-1,0,-1
-1,-1,-1,1,-1,0,-1,1,0,1
0,0,-1,0,0,1,1,-1,1,1
-1,0,0,0,-1,1,-1,-1,0,1
1,1,1,-1,1,-1,1,1,0,-1
0,-1,-1,0,1,1,0,-1,0,1
1,-1,0,1,0,0,-1,1,0,1
0,-1,1,-1,-1,1,-1,1,0,1
1,0,-1,-1,1,1,-1,-1,0,-1
1,-1,0,-1,1,-1,0,1,0,-1
1,0,1,0,-1,0,0,1,0,-1
1,0,-1,0,-1,1,-1,-1,0,-1
-1,-1,0,-1,1,-1,0,1,0,-1
0,0,1,1,1,0,0,1,0,-1
1,0,-1,1,1,0,0,-1,0,-1
1,0,1,0,-1,-1,0,1,0,-1
-1,-1,0,0,1,1,-1,-1,0,1
1,1,0,-1,1,1,0,-1,0,-1
1,1,1,-1,-1,0,0,1,0,-1
1,0,1,-1,-1,-1,0,1,0,-1
1,0,-1,-1,-1,-1,1,1,0,-1
1,-1,1,-1,1,-1,-1,1,0,-1
1,1,-1,1,1,-1,1,1,0,-1
1,0,1,-1,1,-1,1,1,0,-1
0,0,1,0,0,1,-1,-1,0,1
-1,-1,-1,-1,-1,-1,0,1,0,1
1,0,0,-1,-1,0,0,-1,0,1
-1,0,0,-1,-1,1,0,-1,0,1
1,1,1,-1,1,-1,-1,1,0,-1
-1,0,1,0,-1,0,0,-1,0,-1
1,1,1,1,0,-1,0,1,0,-1
1,0,1,1,1,0,-1,1,1,-1
-1,-1,1,-1,-1,1,-1,-1,0,1
0,-1,-1,0,1,1,0,-1,0,1
-1,-1,1,0,-1,0,1,1,0,1
-1,-1,1,-1,-1,-1,1,1,0,0
1,1,-1,-1,1,-1,1,1,0,0
1,0,1,0,-1,-1,-1,1,0,-1
-1,-1,-1,-1,-1,1,1,-1,1,0
1,1,1,-1,1,-1,0,1,1,-1
-1,-1,1,-1,-1,0,-1,-1,0,1
1,-1,0,-1,-1,0,-1,1,0,1
1,0,1,1,1,-1,1,1,0,-1
1,-1,0,1,0,0,-1,1,0,1
1,-1,0,1,1,0,0,1,0,-1
1,1,1,-1,1,-1,1,1,1,-1
-1,-1,1,1,-1,1,0,-1,0,1
-1,-1,0,0,-1,1,0,-1,0,1
0,0,0,0,1,0,0,-1,0,1
1,1,1,1,1,1,0,1,1,-1
1,0,1,1,1,-1,1,1,0,-1
-1,-1,0,-1,-1,0,0,1,0,1
0,0,0,0,1,0,1,-1,1,1
-1,-1,0,1,-1,1,-1,1,0,1
-1,-1,1,-1,1,0,-1,-1,0,0
-1,-1,0,1,1,0,-1,-1,0,1
1,1,0,0,-1,0,0,1,0,-1
1,-1,1,-1,-1,0,-1,-1,0,1
1,1,1,1,1,-1,1,1,0,-1
1,0,1,0,-1,1,0,-1,0,-1
-1,0,1,-1,-1,-1,-1,1,0,1
-1,-1,1,0,1,1,0,-1,0,1
1,1,0,-1,1,0,-1,-1,0,-1
-1,0,-1,-1,-1,1,-1,-1,0,1
1,-1,1,1,1,0,0,1,0,-1
1,0,1,1,0,0,-1,1,1,-1
-1,0,-1,-1,-1,0,-1,1,0,1
1,1,1,-1,1,-1,0,1,0,-1
0,-1,-1,0,1,0,1,-1,0,1
-1,-1,1,1,-1,1,-1,-1,0,1
1,1,1,0,-1,1,1,-1,0,-1
1,1,1,1,1,0,-1,1,0,-1
-1,-1,-1,-1,-1,0,0,1,0,1
-1,-1,1,1,-1,1,-1,-1,0,-1
-1,-1,1,-1,1,0,-1,-1,0,0
1,0,1,-1,-1,-1,0,1,1,-1
-1,0,-1,0,-1,1,0,-1,0,1
1,0,1,0,-1,-1,1,1,0,-1
1,1,1,-1,-1,-1,0,1,0,-1
1,0,1,1,1,-1,1,1,0,-1
1,0,1,1,1,-1,0,1,0,-1
0,-1,-1,0,0,0,1,-1,1,1
-1,-1,0,1,1,-1,-1,1,0,1
1,0,1,-1,1,0,1,1,0,-1
1,1,1,1,1,0,1,1,0,-1
-1,-1,1,-1,-1,0,1,-1,0,0
0,0,1,0,1,-1,0,1,1,1
-1,-1,0,1,1,-1,1,1,0,1
1,1,1,1,1,1,0,-1,1,-1
1,0,-1,1,1,0,0,-1,0,-1
-1,0,-1,-1,-1,0,0,1,0,1
1,0,-1,1,1,-1,1,1,0,-1
-1,-1,-1,-1,-1,1,0,-1,0,1
1,-1,1,-1,-1,0,1,1,0,0
1,-1,0,1,0,-1,1,1,0,1
-1,0,-1,-1,-1,-1,-1,1,0,1
-1,-1,0,-1,-1,0,1,-1,1,1
-1,-1,1,-1,-1,1,1,1,0,0
1,0,1,1,0,0,1,1,0,-1
-1,-1,0,-1,-1,0,-1,1,0,1
-1,0,-1,-1,1,1,-1,-1,0,1
1,0,1,0,-1,1,-1,-1,0,-1
-1,0,-1,-1,-1,1,0,-1,0,1
1,0,1,-1,1,-1,1,1,0,-1
-1,0,0,-1,-1,0,0,-1,0,1
-1,0,1,-1,0,-1,-1,1,0,1
-1,-1,-1,1,-1,0,0,-1,0,1
1,-1,1,0,-1,-1,1,1,0,-1
-1,-1,-1,-1,-1,1,-1,-1,0,1
1,0,1,1,1,0,1,-1,0,-1
-1,-1,1,-1,0,1,0,-1,0,1
1,0,0,1,-1,0,-1,1,0,1
1,1,1,-1,1,-1,1,1,0,-1
1,-1,0,-1,-1,-1,1,1,0,1
1,-1,0,0,-1,-1,0,1,0,-1
1,0,1,-1,-1,0,1,1,1,0
-1,-1,1,1,1,0,1,1,1,1
0,-1,1,0,0,1,-1,-1,0,1
1,1,0,1,0,0,-1,-1,0,-1
1,-1,1,1,1,0,-1,1,0,-1
-1,0,0,-1,-1,1,-1,-1,0,-1
1,1,1,0,-1,0,0,1,0,-1
-1,1,1,0,0,-1,0,1,0,-1
1,0,-1,-1,1,0,-1,-1,0,-1
-1,-1,-1,-1,-1,1,1,-1,0,1
1,0,1,0,-1,-1,-1,1,0,-1
1,-1,1,0,-1,0,1,1,0,-1
1,0,1,1,1,-1,0,1,0,-1
-1,1,-1,0,0,1,-1,-1,0,-1
1,0,1,-1,-1,0,-1,-1,0,1
0,-1,0,-1,-1,1,-1,-1,0,1
1,0,1,-1,1,1,1,-1,0,-1
-1,-1,0,1,-1,0,0,1,0,1
1,0,1,-1,1,1,-1,-1,1,-1
-1,0,-1,0,-1,1,-1,-1,0,1
1,-1,1,1,1,-1,0,1,0,-1
-1,0,0,0,-1,-1,-1,1,0,0
-1,-1,1,-1,-1,0,-1,1,0,1
1,1,1,1,1,-1,-1,1,1,-1
0,-1,-1,0,1,1,-1,-1,0,1
1,-1,1,-1,-1,0,-1,-1,0,1
1,-1,0,-1,-1,-1,0,1,0,1
0,-1,-1,0,0,-1,0,1,0,1
-1,-1,0,1,1,-1,0,1,0,1
-1,0,0,1,1,1,-1,-1,0,1
-1,-1,0,-1,-1,1,0,-1,0,1
1,-1,0,-1,-1,1,-1,1,0,1
-1,0,1,-1,-1,-1,0,1,0,1
1,0,-1,0,-1,1,1,-1,0,-1
1,-1,1,-1,1,-1,0,1,0,-1
1,-1,0,1,1,0,-1,1,0,-1
1,-1,1,-1,1,-1,-1,1,1,-1
1,-1,1,1,1,0,-1,1,0,-1
1,0,1,-1,1,-1,-1,1,0,-1
1,-1,1,-1,1,-1,0,1,0,-1
1,-1,1,-1,0,1,-1,-1,0,0
-1,1,1,-1,1,1,1,-1,1,0
-1,-1,1,-1,1,1,0,-1,0,0
-1,0,-1,-1,1,1,0,-1,0,1
1,-1,0,1,0,-1,0,1,0,-1
-1,-1,1,-1,-1,-1,1,1,1,1
0,-1,-1,0,0,-1,0,1,0,1
1,0,1,0,-1,1,-1,-1,0,-1
1,-1,1,0,-1,-1,-1,1,0,-1
1,0,1,1,1,0,-1,1,0,-1
1,-1,0,1,1,-1,1,1,0,-1
0,0,-1,0,1,0,1,-1,1,1
1,1,1,-1,-1,-1,0,1,0,-1
0,-1,-1,0,0,1,0,-1,0,1
1,1,1,-1,-1,-1,-1,1,0,-1
1,0,1,-1,1,1,1,-1,1,-1
1,0,1,1,1,0,0,1,0,-1
1,-1,0,-1,-1,1,-1,-1,0,1
1,1,1,0,0,0,0,1,0,-1
-1,0,1,-1,1,1,1,-1,1,0
0,-1,1,0,0,0,1,1,1,1
1,0,0,1,1,0,-1,1,0,-1
1,-1,1,-1,1,1,-1,-1,0,-1
1,1,1,-1,1,0,0,-1,1,-1
1,-1,0,0,-1,1,-1,-1,0,1
1,1,1,-1,1,-1,1,1,0,-1
-1,-1,1,-1,0,1,1,-1,0,1
-1,-1,1,0,-1,1,-1,1,0,1
1,0,1,-1,1,0,0,1,0,-1
1,-1,0,0,-1,0,-1,-1,0,-1
1,0,1,-1,1,0,0,1,0,-1
1,1,-1,-1,1,1,-1,-1,0,-1
1,0,1,1,1,-1,0,1,1,-1
1,-1,0,-1,-1,0,-1,1,0,1
1,-1,1,-1,0,1,-1,1,0,0
1,0,1,1,1,1,1,-1,0,-1
1,-1,0,-1,-1,0,0,-1,0,1
1,-1,1,0,0,-1,0,1,0,-1
1,-1,0,1,0,1,0,1,0,1
1,0,1,-1,-1,0,1,1,0,0
-1,-1,1,0,-1,1,1,-1,1,1
1,0,1,0,0,0,0,1,0,-1
1,0,1,-1,-1,-1,0,1,0,-1
0,0,-1,0,1,-1,-1,1,0,1
1,1,1,1,1,-1,0,1,0,-1
0,0,1,0,1,-1,1,1,0,1
-1,0,0,-1,-1,0,0,-1,0,1
-1,0,1,0,0,0,0,1,1,-1
1,0,1,0,-1,-1,-1,1,0,-1
-1,0,-1,-1,-1,-1,1,1,0,1
0,-1,-1,0,1,-1,0,1,0,1
1,1,1,1,0,-1,0,1,0,-1
0,0,-1,0,1,0,-1,-1,0,1
-1,0,1,0,-1,-1,0,1,0,-1
1,1,1,0,-1,1,0,-1,0,-1
1,-1,1,-1,-1,0,0,1,0,-1
0,-1,1,-1,-1,1,-1,1,0,1
-1,-1,1,0,-1,0,1,1,1,1
1,1,1,-1,-1,-1,1,1,0,0
1,0,1,1,1,1,0,-1,0,-1
1,0,1,1,0,-1,1,1,0,-1
1,0,1,1,0,-1,0,1,0,-1
-1,-1,-1,-1,-1,1,0,-1,0,1
1,0,1,0,-1,1,0,-1,0,-1
1,-1,1,0,-1,1,-1,-1,1,-1
-1,-1,1,-1,-1,1,0,-1,0,-1
1,0,-1,0,0,1,0,-1,0,-1
-1,0,0,0,-1,-1,-1,1,0,0
1,-1,1,-1,1,-1,0,1,0,-1
-1,-1,0,-1,-1,-1,-1,1,0,0
0,0,1,0,1,0,1,-1,0,1
1,0,1,1,1,-1,-1,1,0,-1
1,0,1,0,-1,1,0,-1,0,-1
-1,-1,1,-1,-1,1,0,1,0,1
1,0,1,1,1,0,-1,1,0,-1
-1,-1,1,0,-1,1,-1,-1,0,1
1,0,1,1,1,1,0,-1,0,-1
1,0,1,1,1,0,0,1,0,-1
0,-1,-1,0,1,-1,-1,1,0,1
-1,-1,0,0,-1,1,-1,-1,0,1
1,-1,1,-1,-1,0,0,-1,0,1
1,0,-1,-1,-1,1,0,-1,0,1
1,-1,1,-1,1,-1,1,1,0,-1
1,0,0,1,1,1,1,-1,1,-1
1,-1,0,-1,1,1,0,-1,0,1
-1,0,0,-1,-1,-1,0,1,0,1
1,1,1,1,1,0,0,1,0,-1
-1,-1,1,-1,1,0,0,-1,0,0
1,0,1,0,-1,0,-1,1,0,-1
1,0,1,-1,1,1,-1,-1,0,-1
1,0,1,0,-1,1,1,-1,1,-1
-1,0,0,-1,-1,-1,-1,1,0,0
1,0,-1,-1,-1,1,0,-1,0,-1
1,0,0,-1,-1,0,0,-1,0,-1
1,1,1,-1,1,0,1,1,0,-1
1,1,1,1,1,1,0,-1,1,-1
0,0,-1,0,0,0,0,-1,0,1
1,0,1,1,0,0,1,1,0,-1
-1,0,0,0,-1,1,0,-1,0,1
1,-1,0,1,1,0,0,1,0,1
1,0,-1,1,0,1,-1,1,0,-1
-1,-1,-1,-1,-1,-1,-1,1,0,1
-1,-1,0,0,-1,1,-1,1,0,1
1,-1,0,1,1,-1,1,1,0,1
1,-1,0,-1,-1,-1,-1,1,1,1
-1,-1,0,-1,-1,0,-1,-1,0,1
-1,0,1,-1,-1,1,0,-1,0,1
-1,0,-1,-1,-1,0,0,-1,0,1
-1,0,-1,0,-1,-1,1,1,1,1
-1,-1,1,-1,0,1,0,-1,0,-1
1,1,1,-1,-1,1,0,-1,0,-1
1,0,-1,-1,1,-1,1,1,0,0
-1,-1,1,-1,-1,1,0,-1,0,1
1,-1,1,1,1,-1,0,1,0,-1
0,-1,-1,0,1,1,-1,-1,0,1
-1,-1,-1,0,-1,1,1,-1,0,1
1,0,1,0,-1,0,1,1,0,-1
1,0,1,0,-1,-1,1,1,0,-1
1,0,1,0,-1,0,0,1,0,-1
1,0,1,1,1,0,0,1,0,-1
-1,-1,1,0,0,1,-1,-1,0,-1
1,0,1,-1,1,1,1,-1,0,-1
-1,-1,1,-1,-1,0,-1,1,0,1
1,1,1,0,-1,-1,-1,1,0,-1
-1,0,1,-1,-1,0,0,1,0,1
1,1,1,0,-1,-1,0,1,0,-1
1,1,1,1,1,-1,1,1,0,-1
1,1,1,0,-1,-1,-1,1,1,-1
-1,-1,1,0,-1,0,-1,1,0,1
1,1,1,1,1,-1,1,1,1,-1
1,-1,1,0,-1,1,0,-1,0,-1
-1,0,1,-1,0,0,-1,1,0,-1
1,0,1,0,-1,-1,0,1,0,-1
1,0,0,1,1,-1,-1,1,0,-1
1,0,1,1,1,0,1,-1,0,-1
-1,0,1,0,-1,-1,1,1,0,-1
-1,-1,-1,-1,-1,1,-1,-1,0,1
1,-1,1,1,1,0,1,1,0,-1
1,0,0,1,1,1,0,-1,0,-1
-1,0,0,0,-1,0,0,-1,0,1
1,-1,0,1,0,1,0,1,0,-1
1,1,1,1,1,0,1,-1,1,-1
-1,0,-1,-1,-1,1,-1,-1,0,1
1,-1,0,-1,-1,0,1,1,0,1
0,-1,-1,0,0,1,0,-1,0,1
1,0,1,-1,1,0,1,1,0,-1
1,-1,1,1,0,0,1,1,0,-1
0,0,0,0,0,0,0,1,0,0
-1,0,-1,0,-1,-1,1,1,0,1
1,-1,1,-1,1,-1,1,1,0,-1
-1,1,1,0,0,0,1,1,1,-1
1,0,1,1,1,-1,0,1,0,-1
-1,-1,0,-1,-1,0,-1,-1,0,1
1,1,0,-1,-1,1,0,-1,0,-1
1,0,1,-1,1,-1,0,1,0,-1
1,0,1,-1,1,-1,1,1,0,-1
-1,-1,-1,0,-1,1,-1,-1,0,1
1,-1,0,-1,0,1,-1,1,0,-1
0,0,-1,0,1,1,-1,-1,0,1
1,1,1,-1,-1,-1,1,1,0,-1
-1,-1,-1,0,-1,-1,-1,1,0,1
1,-1,0,1,1,-1,1,1,0,-1
-1,-1,-1,-1,-1,0,-1,1,0,1
1,0,1,0,-1,1,0,-1,0,-1
1,0,1,0,-1,-1,0,1,0,-1
1,-1,-1,1,1,-1,1,1,0,-1
1,-1,1,-1,1,1,1,-1,0,-1
-1,0,0,-1,-1,-1,0,1,0,0
1,0,1,-1,1,0,1,-1,0,-1
1,0,1,-1,1,-1,0,1,0,-1
1,0,1,1,1,-1,-1,1,0,-1
0,-1,0,0,1,-1,0,1,0,1
-1,-1,1,-1,0,1,0,1,0,1
1,0,1,-1,-1,1,0,-1,0,-1
1,0,1,-1,-1,-1,0,1,0,-1
-1,0,0,-1,-1,1,0,-1,0,1
-1,0,-1,1,1,0,0,1,0,1
1,0,1,1,1,0,0,-1,0,-1
1,1,0,1,1,-1,0,1,0,-1
1,-1,1,0,-1,1,-1,1,0,1
1,0,1,-1,-1,1,0,-1,1,-1
1,1,0,0,-1,-1,1,1,1,-1
1,-1,1,1,1,1,-1,-1,0,-1
1,-1,1,1,1,0,0,1,0,-1
1,0,1,0,-1,-1,-1,1,1,-1
1,1,-1,-1,1,1,0,-1,0,-1
0,0,-1,0,1,1,0,-1,0,1
-1,0,-1,0,-1,-1,1,1,1,1
1,0,0,-1,-1,0,-1,-1,0,1
1,0,1,-1,-1,0,1,1,0,-1
1,0,1,-1,1,-1,1,1,0,-1
1,0,1,0,-1,1,-1,-1,1,-1
1,1,1,-1,-1,0,0,1,0,-1
1,0,1,1,1,0,1,1,0,-1
-1,-1,-1,-1,1,0,-1,1,0,1
-1,0,-1,1,-1,1,-1,-1,0,1
0,0,1,1,1,0,-1,1,0,-1
0,0,-1,0,1,1,0,-1,0,1
-1,0,-1,-1,-1,1,0,-1,0,1
1,-1,1,1,1,-1,-1,1,1,-1
1,-1,0,-1,1,0,0,1,0,-1
1,0,1,1,1,0,1,1,0,-1
1,0,1,1,1,-1,0,1,0,-1
1,-1,0,1,1,1,-1,-1,0,-1
1,0,1,0,-1,1,1,-1,0,-1
1,0,-1,-1,1,-1,1,1,0,0
1,0,1,-1,1,-1,1,1,0,-1
-1,-1,-1,-1,-1,-1,1,1,0,1
-1,0,1,0,0,0,0,1,0,-1
0,-1,0,0,0,-1,0,1,0,0
1,1,1,1,1,-1,1,1,0,-1
1,0,0,0,-1,0,-1,-1,0,-1
0,-1,1,0,0,1,1,1,0,1
1,0,1,-1,1,0,-1,1,0,-1
0,-1,1,0,1,1,-1,-1,0,1
1,0,1,0,-1,0,1,-1,0,-1
1,-1,0,-1,-1,-1,0,1,0,-1
1,-1,0,1,1,-1,1,1,0,1
0,0,0,0,0,0,0,1,0,0
1,0,1,0,-1,0,1,1,0,-1
1,1,1,0,0,-1,0,1,0,-1
1,0,1,1,1,-1,-1,1,0,-1
1,0,1,-1,1,0,0,-1,0,-1
-1,-1,1,-1,1,0,-1,1,0,0
0,-1,0,0,0,0,0,1,0,0
-1,-1,-1,-1,-1,1,-1,1,0,1
-1,-1,-1,-1,-1,0,-1,-1,0,1
1,0,1,-1,-1,-1,1,1,0,0
1,0,0,-1,1,1,0,-1,0,-1
-1,0,-1,-1,1,1,-1,-1,0,1
1,0,1,0,0,-1,0,1,0,-1
0,0,0,0,0,-1,-1,1,0,0
1,0,1,-1,1,-1,-1,1,1,-1
1,0,1,1,1,0,0,1,0,-1
1,-1,0,1,1,0,0,1,0,-1
1,-1,0,-1,-1,0,1,1,1,1
-1,-1,-1,-1,-1,1,0,1,0,1
1,1,1,1,0,1,0,-1,0,-1
-1,-1,0,1,1,0,0,1,0,-1
-1,0,-1,-1,-1,0,0,-1,0,1
1,0,1,1,1,1,-1,1,0,-1
-1,0,1,-1,-1,0,0,-1,0,1
-1,-1,0,-1,-1,-1,0,1,0,0
-1,0,1,0,-1,0,0,1,0,-1
1,1,0,1,1,-1,-1,1,0,-1
0,-1,-1,0,1,1,1,-1,1,1
1,1,1,1,1,-1,0,1,1,-1
1,-1,0,-1,1,0,0,1,0,-1
1,0,1,0,-1,0,1,1,0,-1
1,-1,1,-1,1,-1,-1,1,0,-1
-1,-1,1,-1,-1,0,-1,-1,0,1
1,-1,0,0,-1,1,1,-1,0,1
-1,0,1,0,-1,0,0,1,0,1
1,0,1,-1,1,1,1,-1,1,-1
0,-1,1,0,1,-1,1,1,1,1
1,0,1,0,0,0,0,-1,0,-1
1,0,1,-1,-1,1,1,-1,0,0
1,-1,1,1,1,-1,1,1,0,-1
-1,-1,0,-1,-1,0,-1,-1,0,1
0,-1,1,0,1,-1,1,1,0,1
1,-1,0,1,1,0,-1,-1,0,-1
1,0,1,0,0,0,0,1,1,-1
-1,0,0,-1,-1,1,0,-1,0,1
1,0,1,1,1,-1,-1,1,0,-1
1,0,1,1,0,0,0,1,0,-1
1,1,1,0,0,0,0,-1,0,-1
1,0,1,1,1,-1,-1,1,0,-1
1,0,1,0,-1,0,1,-1,0,-1
1,0,1,1,1,0,0,1,0,-1
1,-1,1,0,-1,-1,0,1,0,-1
1,-1,0,-1,-1,-1,0,1,0,1
1,0,1,1,1,-1,1,1,0,-1
1,1,1,-1,1,1,-1,-1,0,-1
1,0,1,1,1,-1,0,1,0,-1
1,1,1,0,-1,0,1,1,0,-1
1,0,1,0,-1,0,0,1,0,-1
-1,1,1,-1,1,-1,0,1,0,0
1,0,1,-1,1,-1,0,1,0,-1
-1,0,1,0,0,0,0,1,0,-1
1,0,0,1,1,0,-1,1,0,-1
1,-1,1,1,1,0,0,1,0,-1
1,0,-1,-1,1,-1,0,1,0,-1
1,1,1,-1,1,0,0,1,0,-1
1,1,1,-1,1,1,0,-1,0,-1
1,1,0,0,-1,0,-1,1,0,-1
-1,-1,1,-1,-1,1,-1,1,0,-1
1,-1,1,1,1,1,1,-1,0,-1
1,0,1,1,1,0,0,1,0,-1
-1,0,0,-1,-1,1,-1,-1,0,1
-1,0,-1,-1,-1,1,-1,1,0,1
-1,-1,0,-1,-1,1,-1,1,0,1
1,0,1,0,0,-1,0,1,0,-1
0,-1,0,-1,-1,0,-1,-1,0,1
-1,-1,1,1,1,1,-1,-1,0,1
1,0,1,-1,-1,1,1,-1,0,-1
0,-1,-1,0,0,1,1,-1,1,1
-1,-1,0,-1,-1,0,1,1,1,1
1,0,1,1,1,0,-1,-1,0,-1
-1,0,1,1,1,-1,0,1,1,-1
1,1,1,1,1,1,0,1,0,-1
0,-1,1,0,1,-1,0,1,0,1
1,0,1,1,1,0,0,1,0,-1
-1,0,-1,-1,-1,1,-1,-1,0,1
1,0,-1,1,1,0,1,-1,0,-1
1,0,1,1,0,-1,-1,1,0,-1
1,0,-1,1,1,1,0,-1,0,-1
-1,-1,0,-1,0,0,0,1,0,1
1,0,-1,1,-1,-1,1,1,0,-1
-1,0,-1,-1,-1,0,0,1,0,1
1,0,1,0,0,0,-1,1,0,-1
1,0,1,1,1,1,1,-1,0,-1
1,0,1,0,0,1,-1,-1,0,-1
1,0,1,1,0,1,0,-1,0,-1
-1,1,1,-1,1,-1,0,1,1,0
1,0,1,1,1,0,0,1,0,-1
1,-1,0,0,-1,1,-1,-1,0,-1
1,-1,0,-1,1,-1,1,1,0,-1
-1,0,0,-1,-1,-1,0,1,0,0
-1,-1,-1,-1,-1,-1,0,1,0,1
1,1,1,-1,1,1,1,-1,1,-1
0,0,-1,0,0,1,0,-1,0,1
1,1,1,-1,1,-1,0,1,0,-1
1,0,1,-1,1,-1,-1,1,1,-1
1,0,1,0,-1,0,-1,1,0,-1
1,0,1,1,0,-1,0,1,0,-1
0,-1,-1,0,1,1,-1,1,0,1
-1,-1,1,0,0,1,-1,-1,0,1
1,0,-1,-1,1,1,0,1,0,-1
0,0,0,0,1,0,-1,1,0,1
1,-1,1,-1,1,-1,0,1,0,-1
-1,-1,1,1,1,1,-1,-1,0,1
1,1,1,-1,-1,-1,0,1,1,-1
1,-1,0,-1,1,0,0,1,0,1
-1,0,-1,-1,-1,0,-1,1,0,1
1,0,1,0,0,1,1,-1,0,-1
0,0,1,0,1,0,-1,-1,0,1
-1,-1,1,-1,-1,-1,-1,1,1,1
1,-1,0,1,-1,1,-1,-1,0,1
-1,-1,1,-1,-1,1,1,1,0,0
0,-1,-1,0,0,1,0,-1,0,1
1,0,1,1,1,0,1,1,0,-1
1,1,-1,1,0,1,0,-1,0,-1
1,1,1,0,-1,0,1,1,0,-1
-1,-1,-1,-1,-1,-1,0,1,0,1
-1,0,1,-1,-1,-1,1,1,0,0
0,0,-1,0,1,-1,0,1,0,1
0,0,0,0,0,-1,1,1,1,0
0,-1,1,0,1,-1,0,1,0,1
0,-1,1,-1,-1,0,-1,-1,0,1
1,0,1,1,1,0,0,-1,0,-1
1,0,1,-1,1,-1,0,1,0,-1
1,1,-1,-1,-1,1,0,-1,0,-1
1,0,-1,-1,-1,1,0,1,0,-1
-1,0,-1,-1,-1,1,-1,-1,0,1
-1,0,-1,0,-1,0,0,1,0,1
1,0,1,-1,1,-1,1,1,0,-1
1,0,1,0,-1,-1,0,1,0,-1
-1,-1,0,0,-1,0,0,1,0,1
-1,0,0,-1,-1,0,-1,1,0,1
1,-1,0,1,1,1,-1,1,0,-1
1,0,1,1,1,0,1,1,0,-1
-1,0,-1,-1,-1,0,-1,1,0,1
-1,0,1,-1,-1,-1,0,1,1,1
-1,0,0,-1,-1,0,-1,1,0,1
0,0,-1,0,1,1,1,-1,0,1
-1,-1,0,-1,-1,1,1,-1,1,1
1,-1,0,1,1,-1,0,1,1,1
1,0,1,1,1,-1,1,1,0,-1
-1,0,-1,-1,-1,-1,-1,1,0,1
0,0,0,0,1,1,-1,-1,0,1
1,-1,0,-1,-1,0,0,1,0,1
-1,0,1,0,-1,1,1,-1,0,-1
-1,0,-1,0,-1,-1,0,1,0,1
1,0,1,0,-1,0,0,-1,0,-1
1,-1,0,0,-1,0,0,1,0,1
1,0,1,1,1,-1,-1,1,0,-1
1,0,1,-1,1,-1,0,1,0,-1
1,1,1,-1,1,0,1,1,0,-1
1,0,1,0,0,-1,1,1,1,-1
-1,0,1,-1,1,-1,1,1,0,1
-1,0,-1,0,-1,1,-1,-1,0,1
-1,0,1,0,0,0,0,-1,0,-1
0,0,-1,0,0,1,-1,1,0,1
1,0,1,0,0,1,1,-1,1,-1
1,0,1,-1,1,0,0,-1,0,-1
-1,-1,0,-1,-1,1,-1,-1,0,1
1,-1,1,0,0,1,0,-1,0,-1
1,1,1,-1,1,-1,0,1,1,-1
1,1,1,0,-1,-1,-1,1,0,-1
1,-1,0,-1,0,-1,-1,1,0,-1
0,0,1,0,1,0,-1,1,0,1
1,0,1,-1,1,1,0,1,0,-1
1,1,1,1,1,-1,0,1,1,-1
1,0,1,0,-1,0,1,1,0,-1
1,1,1,-1,-1,-1,0,1,0,-1
1,0,1,-1,-1,1,1,1,0,-1
1,-1,0,1,-1,-1,-1,1,0,-1
1,0,1,0,-1,0,1,-1,0,-1
1,0,1,0,-1,-1,0,1,0,-1
-1,-1,0,-1,-1,0,0,-1,0,1
1,0,1,1,1,1,0,-1,0,-1
-1,-1,-1,0,-1,-1,1,1,0,1
0,-1,-1,0,1,0,-1,-1,0,1
1,-1,1,-1,1,1,-1,1,0,-1
1,0,1,-1,1,-1,1,1,0,-1
1,-1,1,-1,1,1,0,1,0,-1
-1,-1,-1,-1,-1,0,0,-1,0,1
0,-1,0,0,1,-1,-1,1,0,1
-1,-1,1,1,-1,1,0,-1,0,-1
-1,-1,1,1,1,1,0,-1,0,1
1,1,1,1,1,0,-1,1,0,-1
1,-1,1,-1,1,-1,0,1,0,-1
1,-1,1,-1,1,0,0,1,0,-1
1,-1,0,0,-1,0,0,1,0,1
1,0,-1,-1,1,-1,0,1,0,-1
1,1,1,-1,1,-1,-1,1,0,-1
1,0,1,1,0,0,1,1,0,-1
1,-1,0,-1,1,0,-1,1,0,1
0,0,-1,0,0,0,-1,-1,0,1
1,0,-1,-1,-1,1,-1,-1,0,1
-1,0,0,-1,-1,0,0,-1,0,1
0,-1,-1,0,1,0,-1,-1,0,1
1,0,1,1,1,0,0,1,0,-1
-1,0,1,0,0,-1,1,1,0,-1
-1,0,-1,1,1,1,0,1,0,-1
1,1,1,1,1,-1,0,1,0,-1
-1,-1,1,-1,-1,0,-1,1,1,1
0,-1,0,0,1,1,0,1,0,1
-1,0,0,-1,-1,0,0,1,0,1
1,0,0,-1,1,-1,-1,1,1,-1
1,0,1,0,-1,0,0,-1,0,-1
1,-1,0,-1,-1,0,-1,1,0,-1
1,0,1,1,1,1,-1,1,0,-1
1,0,1,0,-1,-1,-1,1,0,-1
-1,-1,0,-1,-1,1,0,1,0,1
1,0,1,1,0,-1,0,1,0,-1
0,-1,0,0,1,0,0,1,0,1
1,1,1,-1,1,-1,-1,1,0,-1
-1,-1,0,0,-1,-1,-1,1,0,0
-1,-1,1,-1,-1,1,1,1,0,0
1,1,1,-1,1,-1,0,1,0,-1
1,1,1,1,1,1,1,-1,0,-1
1,-1,1,-1,1,1,1,-1,0,-1
1,0,1,1,1,-1,1,1,0,-1
0,0,-1,0,1,1,0,-1,0,1
1,-1,1,-1,-1,1,-1,-1,0,1
0,-1,-1,0,1,-1,0,1,0,1
1,0,1,-1,1,0,1,1,0,-1
-1,-1,-1,0,-1,1,-1,-1,0,1
1,-1,0,-1,1,1,0,1,0,-1
1,-1,1,1,1,-1,1,1,0,-1
1,0,0,1,1,-1,1,1,0,-1
1,1,1,-1,1,-1,0,1,1,-1
-1,-1,1,-1,1,1,1,1,0,0
1,0,1,0,-1,0,0,1,0,-1
1,0,1,1,1,0,-1,1,0,-1
1,0,1,-1,-1,-1,-1,1,1,-1
-1,-1,1,0,-1,1,-1,1,0,-1
1,0,1,-1,-1,1,-1,1,0,-1
1,1,1,-1,-1,-1,-1,1,0,-1
1,1,1,1,1,-1,1,1,0,-1
1,0,1,0,-1,-1,-1,1,0,-1
1,0,1,-1,-1,-1,1,1,0,0
-1,-1,-1,-1,-1,1,0,-1,0,1
-1,0,-1,-1,-1,1,0,-1,0,1
1,-1,1,-1,-1,1,1,-1,0,0
1,-1,1,1,1,-1,-1,1,0,-1
1,1,1,-1,1,-1,0,1,0,-1
1,-1,0,0,-1,0,1,-1,0,1
1,-1,0,-1,-1,0,-1,1,0,1
-1,-1,0,-1,-1,1,-1,-1,0,1
1,0,1,1,1,1,1,1,0,-1
1,0,1,-1,1,1,1,1,0,-1
1,0,1,-1,1,-1,0,1,0,-1
1,1,1,-1,1,-1,1,1,0,-1
1,0,1,1,1,-1,-1,1,0,-1
-1,-1,-1,-1,-1,0,-1,-1,0,1
1,0,1,-1,-1,-1,-1,1,0,-1
1,-1,1,-1,-1,0,0,1,0,-1
-1,-1,0,0,-1,0,-1,-1,0,1
1,-1,0,-1,1,0,-1,1,0,-1
1,1,0,1,1,-1,-1,1,0,-1
1,0,1,1,0,0,-1,-1,1,-1
1,0,-1,1,1,-1,1,1,0,-1
1,0,1,0,-1,0,-1,-1,0,-1
1,0,1,1,1,0,1,-1,0,-1
-1,-1,1,0,0,-1,0,1,0,-1
0,-1,0,0,0,1,-1,-1,0,0
-1,-1,-1,0,-1,-1,0,1,0,1
1,-1,0,-1,-1,-1,1,1,0,-1
1,1,-1,1,1,1,0,-1,0,-1
1,1,1,1,0,0,0,1,0,-1
-1,-1,0,1,1,-1,0,1,0,-1
-1,0,-1,-1,-1,1,0,1,0,1
1,0,1,-1,1,0,0,1,0,-1
1,0,1,-1,1,-1,1,1,1,-1
1,0,1,1,0,0,0,1,0,-1
1,0,1,-1,1,-1,-1,1,0,-1
1,0,1,-1,-1,0,0,1,0,-1
1,0,1,1,1,1,0,-1,0,-1
1,1,1,1,1,-1,-1,1,0,-1
-1,-1,1,-1,-1,0,0,1,0,1
1,-1,0,-1,1,-1,-1,1,0,-1
1,0,1,0,-1,0,1,1,0,-1
1,1,1,-1,-1,1,1,-1,1,0
1,0,1,1,1,1,1,1,1,-1
-1,-1,-1,-1,-1,0,0,1,0,1
1,0,1,-1,1,0,-1,1,0,-1
-1,-1,-1,-1,-1,1,-1,-1,0,1
1,0,1,-1,1,1,1,1,1,-1
-1,0,1,-1,-1,0,-1,-1,0,1
-1,-1,1,0,-1,0,0,1,0,1
-1,-1,0,-1,-1,-1,-1,1,0,1
1,-1,0,1,1,-1,-1,1,0,-1
1,1,1,1,1,-1,1,1,0,-1
1,1,1,1,0,-1,-1,1,1,-1
-1,0,0,-1,1,0,-1,1,0,1
-1,-1,1,-1,-1,-1,0,1,0,1
0,-1,0,0,1,-1,0,1,0,1
-1,-1,0,-1,-1,0,-1,1,0,1
1,-1,0,-1,0,0,-1,-1,0,1
1,0,0,1,-1,0,0,1,0,-1
-1,-1,0,0,-1,1,0,-1,0,1
-1,0,-1,-1,-1,1,0,-1,0,1
1,0,1,1,1,1,0,1,0,-1
1,1,1,0,0,-1,0,1,1,-1
-1,1,1,0,0,-1,1,1,0,-1
0,-1,-1,0,0,0,1,-1,1,1
1,0,-1,1,-1,0,0,-1,0,-1
0,-1,0,0,1,1,0,-1,0,1
1,0,1,-1,1,0,0,1,0,-1
1,0,1,-1,1,-1,-1,1,0,-1
1,0,1,0,-1,1,0,-1,0,-1
-1,-1,0,-1,-1,1,0,-1,0,1
-1,-1,-1,0,-1,1,1,-1,1,1
1,-1,1,-1,-1,1,-1,-1,0,1
1,0,1,0,-1,1,0,-1,1,-1
-1,0,0,0,-1,1,-1,1,0,1
1,-1,1,-1,1,0,1,1,0,-1
1,-1,1,-1,-1,1,-1,-1,0,1
-1,-1,1,-1,1,1,0,1,0,0
-1,-1,-1,-1,-1,0,0,-1,0,1
1,0,1,1,1,0,1,-1,0,-1
0,-1,-1,0,1,0,-1,1,0,1
-1,0,1,1,1,0,1,1,0,-1
0,0,-1,0,1,1,0,-1,0,1
0,0,1,0,1,-1,0,1,1,1
0,-1,0,0,1,-1,0,1,0,1
0,-1,0,0,0,0,0,1,0,0
-1,-1,1,-1,0,1,-1,-1,0,-1
-1,0,-1,-1,-1,1,0,-1,0,1
1,0,1,-1,-1,-1,1,1,0,0
1,0,1,1,0,1,0,-1,0,-1
-1,0,1,-1,-1,1,-1,-1,0,1
1,0,1,0,-1,-1,0,1,0,-1
-1,-1,0,-1,-1,1,0,-1,0,1
-1,-1,-1,-1,1,0,0,1,0,1
-1,-1,1,-1,-1,-1,0,1,0,1
0,0,-1,0,1,0,0,-1,0,1
-1,-1,-1,0,-1,-1,0,1,0,1
1,1,1,1,1,1,-1,-1,0,-1
-1,0,-1,-1,-1,1,0,-1,0,1
1,0,1,-1,-1,1,0,-1,0,-1
1,0,1,1,0,1,0,-1,1,-1
1,0,1,-1,1,1,0,-1,0,-1
-1,-1,0,-1,-1,-1,1,1,1,0
-1,-1,-1,-1,-1,0,0,-1,0,1
1,1,1,-1,1,0,0,-1,0,-1
1,0,1,-1,-1,-1,-1,1,0,-1
1,1,1,-1,1,0,-1,-1,0,-1
1,1,-1,1,1,-1,1,1,0,-1
-1,-1,0,-1,-1,-1,-1,1,0,1
1,1,1,0,-1,-1,0,1,0,-1
1,1,1,-1,1,0,-1,1,0,-1
0,-1,-1,0,1,1,0,-1,0,1
-1,-1,1,-1,-1,-1,-1,1,0,1
1,-1,1,1,1,0,-1,1,0,-1
1,-1,1,1,0,-1,0,1,0,-1
1,0,1,1,1,-1,0,1,0,-1
1,0,1,-1,1,1,0,-1,0,-1
1,1,1,-1,-1,-1,0,1,0,-1
0,-1,0,0,1,0,0,-1,0,1
1,0,1,1,1,1,-1,-1,0,-1
1,0,1,-1,-1,-1,0,1,0,-1
1,0,1,-1,1,-1,1,1,0,-1
0,-1,-1,0,0,1,1,-1,0,1
1,0,1,-1,1,1,-1,-1,1,-1
0,-1,-1,0,1,1,1,-1,0,1
-1,-1,0,-1,-1,1,-1,-1,0,1
-1,-1,1,-1,-1,1,0,1,0,1
1,-1,0,-1,-1,-1,0,1,0,-1
-1,-1,1,-1,-1,0,-1,-1,0,1
-1,-1,-1,-1,-1,0,0,1,0,1
-1,0,0,-1,-1,0,0,-1,0,1
-1,0,0,-1,-1,0,1,-1,1,1
1,1,1,-1,1,0,1,1,0,-1
1,0,1,-1,1,1,0,-1,0,-1
1,-1,0,1,1,-1,-1,1,0,1
0,-1,-1,0,1,1,0,-1,0,1
1,-1,1,1,1,0,-1,1,0,-1
-1,-1,0,-1,-1,-1,0,1,0,0
-1,1,0,0,-1,-1,1,1,1,-1
0,0,-1,0,1,1,0,1,0,1
1,-1,0,-1,-1,-1,-1,1,0,1
1,-1,1,-1,-1,1,1,-1,0,0
1,0,-1,1,1,0,0,-1,0,-1
1,0,0,1,-1,0,0,1,0,-1
-1,-1,1,0,-1,0,1,-1,1,1
-1,-1,0,-1,-1,0,0,1,0,1
0,-1,0,0,0,-1,0,1,0,0
1,0,1,0,-1,0,1,1,0,-1
-1,-1,0,-1,-1,0,0,1,0,1
-1,0,-1,1,-1,1,-1,-1,0,1
1,0,-1,0,-1,0,1,-1,1,-1
1,-1,1,1,0,1,1,-1,0,-1
1,-1,-1,1,1,1,0,-1,0,1
1,1,1,-1,-1,-1,0,1,0,-1
-1,-1,1,-1,0,1,0,-1,0,1
1,0,1,-1,-1,1,1,-1,1,0
1,1,1,1,1,0,1,1,0,-1
1,-1,0,-1,-1,1,-1,-1,0,1
-1,-1,0,-1,-1,1,0,-1,0,1
0,-1,1,0,1,1,-1,-1,0,1
1,-1,1,0,1,0,-1,-1,0,-1
1,0,1,1,1,0,0,-1,0,-1
-1,-1,-1,-1,-1,1,0,-1,0,1
-1,0,0,-1,-1,1,-1,-1,0,1
1,0,-1,1,1,1,-1,-1,0,-1
0,0,1,0,1,1,0,-1,0,1
1,0,1,1,1,-1,0,1,0,-1
-1,-1,1,-1,-1,-1,-1,1,0,1
1,0,1,0,-1,1,-1,-1,0,-1
1,0,-1,1,1,1,-1,-1,0,-1
-1,-1,-1,-1,-1,0,-1,1,0,1
1,1,1,-1,1,1,1,-1,0,-1
1,-1,0,-1,1,-1,0,1,0,-1
-1,-1,1,-1,1,1,0,1,0,1
0,0,-1,0,0,0,1,-1,1,1
1,-1,0,1,1,-1,0,1,0,-1
1,0,1,-1,-1,0,0,1,0,-1
1,-1,0,-1,-1,0,0,1,0,1
1,0,1,0,-1,-1,0,1,0,-1
-1,0,-1,-1,-1,-1,-1,1,0,1
-1,-1,0,-1,-1,0,0,1,0,1
-1,1,1,-1,1,-1,0,1,0,0
1,0,1,0,-1,0,-1,1,0,-1
1,-1,1,-1,1,-1,1,1,0,-1
1,-1,1,1,1,1,1,-1,0,1
1,0,1,-1,0,0,-1,1,0,0
1,0,-1,1,1,1,1,-1,1,-1
1,0,0,1,1,0,0,1,0,1
-1,-1,0,0,-1,0,1,-1,1,1
1,0,1,-1,-1,0,-1,1,0,-1
1,0,1,0,0,-1,0,1,1,-1
1,0,1,1,1,-1,-1,1,0,-1
-1,0,-1,-1,1,0,-1,-1,0,1
1,0,-1,-1,1,1,0,1,0,-1
1,-1,1,-1,-1,0,-1,-1,0,1
1,0,1,-1,-1,-1,-1,1,0,-1
1,-1,0,0,-1,1,-1,-1,0,1
1,0,1,1,1,1,-1,-1,0,-1
1,1,1,1,1,0,1,1,0,-1
1,0,1,0,-1,-1,-1,1,0,-1
0,-1,0,0,0,-1,0,1,0,0
1,-1,1,1,0,-1,-1,1,0,-1
-1,-1,0,-1,-1,0,0,1,0,1
1,-1,1,0,-1,0,1,1,0,-1
1,1,1,-1,1,-1,-1,1,0,-1
1,0,1,0,-1,0,-1,1,0,-1
-1,-1,0,1,1,0,-1,1,0,1
-1,0,-1,1,1,0,0,-1,0,1
1,1,1,0,-1,1,-1,-1,0,-1
-1,0,-1,-1,-1,0,0,-1,0,1
1,-1,-1,1,1,1,-1,-1,0,1
-1,-1,1,-1,-1,1,-1,1,0,1
1,0,1,-1,-1,0,1,-1,0,0
1,0,1,1,0,0,0,-1,0,-1
0,0,-1,0,1,1,0,-1,0,1
1,0,1,-1,-1,1,-1,-1,0,1
-1,-1,1,0,-1,0,0,-1,0,1
1,-1,1,0,-1,-1,1,1,0,-1
0,-1,-1,0,1,1,-1,-1,0,1
1,1,1,-1,-1,1,1,-1,0,0
1,0,1,-1,1,-1,1,1,0,-1
1,0,1,1,1,0,-1,1,0,-1
1,1,1,1,1,1,0,-1,0,-1
0,-1,0,0,1,-1,0,1,0,1
1,1,1,-1,-1,-1,1,1,0,0
1,-1,0,1,1,0,-1,1,0,1
1,0,1,1,1,0,0,-1,0,-1
-1,0,-1,-1,-1,0,-1,-1,0,1
-1,-1,-1,0,-1,1,-1,-1,0,1
-1,-1,-1,0,-1,0,0,1,0,1
-1,-1,1,0,-1,1,-1,-1,0,-1
-1,-1,-1,-1,-1,0,0,-1,0,1
1,-1,0,-1,-1,-1,-1,1,0,-1
1,0,1,1,1,-1,1,1,0,-1
-1,-1,1,-1,-1,1,-1,-1,0,1
-1,-1,-1,-1,-1,1,0,-1,0,1
1,0,0,1,1,0,0,1,0,-1
1,0,-1,-1,1,-1,1,1,0,0
1,0,-1,1,1,-1,0,1,0,-1
-1,-1,0,-1,-1,1,-1,-1,0,1
1,0,-1,1,1,1,-1,-1,0,1
-1,-1,-1,-1,-1,-1,0,1,0,1
-1,0,-1,0,-1,0,1,-1,0,-1
0,-1,-1,0,0,0,0,1,0,1
0,0,0,0,0,-1,0,1,0,0
-1,0,1,1,1,-1,0,1,1,-1
1,1,1,-1,1,1,1,-1,0,-1
1,-1,0,-1,-1,0,-1,-1,0,1
-1,-1,0,-1,-1,-1,1,1,0,0
-1,0,0,0,-1,0,0,1,0,1
0,0,0,0,0,1,0,-1,0,0
-1,0,0,-1,-1,1,-1,-1,0,1
1,0,0,1,1,-1,0,1,0,-1
1,0,1,-1,-1,0,1,1,0,0
1,0,1,1,1,1,1,1,0,-1
1,1,1,-1,1,1,1,-1,0,-1
-1,-1,-1,0,-1,1,1,-1,1,1
1,0,1,1,1,-1,0,1,0,-1
-1,-1,0,0,-1,1,-1,-1,0,1
-1,0,-1,-1,-1,1,-1,-1,0,1
1,0,1,-1,1,-1,0,1,1,-1
-1,-1,1,1,-1,1,-1,-1,0,1
-1,-1,0,-1,1,-1,1,1,0,-1
-1,0,-1,-1,-1,0,-1,1,0,1
0,0,0,0,1,1,0,1,0,1
1,0,1,1,1,0,-1,-1,0,-1
-1,0,-1,-1,-1,1,0,-1,0,1
1,1,1,-1,1,0,1,1,0,-1
1,1,1,1,0,0,1,1,0,-1
1,0,0,1,1,0,0,1,0,-1
-1,-1,1,-1,-1,-1,1,1,0,0
1,0,1,0,-1,0,1,1,0,-1
1,1,1,-1,1,-1,0,1,0,-1
1,0,1,0,0,0,1,1,1,-1
0,-1,-1,0,1,0,0,1,0,1
1,1,1,-1,1,0,1,-1,0,-1
1,-1,1,-1,-1,-1,1,1,0,0
1,0,0,1,1,1,-1,-1,0,-1
1,1,1,0,0,0,0,1,0,-1
1,0,1,-1,1,-1,1,1,0,-1
-1,-1,-1,0,-1,0,1,-1,0,1
1,0,1,-1,-1,-1,1,1,1,0
1,1,-1,-1,1,1,1,1,0,0
1,0,1,-1,1,0,-1,1,0,-1
-1,0,1,-1,0,-1,1,1,0,-1
-1,-1,0,-1,-1,0,-1,1,0,1
1,0,1,-1,1,0,1,-1,0,-1
-1,-1,1,-1,-1,0,0,1,0,1
-1,-1,-1,-1,1,1,0,-1,0,1
1,0,1,-1,-1,-1,0,1,0,-1
-1,-1,-1,-1,-1,-1,-1,1,0,1
1,1,1,-1,1,-1,0,1,0,-1
-1,-1,0,0,-1,1,-1,1,0,1
0,-1,1,0,1,0,-1,-1,0,1
-1,0,1,-1,1,1,1,-1,1,1
1,0,1,1,1,0,1,1,0,-1
1,1,1,-1,1,-1,1,1,0,-1
1,1,-1,1,1,0,1,1,0,-1
1,0,1,-1,1,0,1,1,0,-1
1,0,1,1,1,1,1,-1,0,-1
-1,-1,1,-1,-1,0,0,1,0,1
1,0,1,1,1,1,0,1,0,-1
0,0,-1,0,1,1,-1,-1,0,1
1,0,1,1,1,0,-1,-1,1,-1
1,0,-1,1,1,1,0,-1,0,-1
1,0,1,0,-1,0,1,-1,0,-1
1,0,1,-1,1,-1,0,1,0,-1
1,0,1,-1,-1,-1,1,1,0,0
1,0,0,1,1,-1,0,1,0,-1
-1,-1,1,-1,-1,-1,1,1,0,0
1,0,-1,-1,-1,1,-1,-1,0,1
1,-1,1,1,1,0,1,1,0,-1
-1,0,-1,-1,-1,0,0,-1,0,1
1,0,1,-1,1,-1,0,1,0,-1
0,-1,0,0,1,1,0,-1,0,1
0,0,-1,0,1,-1,-1,1,0,1
1,0,-1,1,1,1,0,-1,0,-1
1,0,1,1,1,1,1,-1,0,-1
1,0,1,-1,-1,0,0,1,1,-1
1,0,-1,1,1,1,0,-1,0,1
-1,-1,-1,-1,1,1,-1,-1,0,1
1,0,0,0,-1,1,0,-1,0,-1
1,0,1,0,0,1,1,-1,1,-1
-1,-1,-1,-1,-1,0,-1,1,0,1
0,0,-1,0,1,0,0,1,0,1
1,1,1,-1,-1,-1,1,1,1,0
-1,-1,0,0,-1,1,-1,-1,0,1
1,0,1,1,1,1,-1,-1,0,-1
1,0,0,0,-1,-1,0,1,0,-1
1,0,1,1,1,1,0,-1,0,-1
-1,1,0,0,-1,0,-1,1,0,-1
1,0,-1,-1,1,1,-1,-1,0,-1
1,0,1,-1,1,-1,-1,1,1,-1
1,1,1,-1,1,-1,-1,1,1,-1
-1,0,-1,-1,-1,-1,0,1,0,1
-1,-1,-1,-1,1,1,-1,-1,0,1
-1,0,1,-1,0,1,-1,1,0,1
1,1,1,1,1,0,0,1,0,-1
-1,1,1,0,-1,0,1,-1,0,-1
1,0,1,-1,1,0,-1,-1,0,-1
1,0,1,-1,1,0,0,1,1,-1
-1,0,1,-1,0,1,0,1,0,1
1,0,1,-1,1,-1,1,1,1,-1
-1,0,1,0,-1,-1,0,1,0,-1
-1,0,-1,0,-1,1,0,-1,0,1
0,-1,-1,0,1,-1,-1,1,0,1
1,1,1,0,-1,-1,1,1,0,-1
1,0,1,0,-1,0,0,1,0,-1
-1,-1,1,1,1,1,-1,-1,0,1
1,-1,1,1,1,-1,1,1,0,-1
1,0,-1,-1,-1,0,0,-1,0,-1
1,-1,0,-1,-1,1,-1,-1,0,1
1,1,1,-1,-1,-1,1,1,1,0
-1,1,1,0,0,-1,0,1,0,-1
-1,-1,0,-1,-1,1,-1,-1,0,1
0,0,0,0,0,-1,0,1,0,0
1,1,1,-1,1,0,1,1,0,-1
-1,0,-1,-1,-1,1,0,-1,0,1
1,0,1,-1,-1,-1,0,1,1,-1
-1,-1,1,1,1,1,1,-1,0,1
-1,-1,0,1,1,1,-1,-1,0,1
-1,0,-1,-1,1,-1,-1,1,0,1
-1,0,-1,0,-1,0,1,1,1,1
-1,-1,-1,-1,-1,1,-1,-1,0,1
1,0,1,-1,-1,1,1,-1,0,0
1,0,1,0,-1,-1,1,1,0,-1
-1,-1,0,0,1,1,0,-1,0,1
-1,1,-1,1,1,-1,0,1,0,-1
1,1,0,0,-1,-1,-1,1,0,-1
-1,-1,1,-1,-1,1,0,1,0,1
0,0,-1,0,1,1,0,-1,0,1
1,0,1,0,-1,-1,-1,1,1,-1
0,-1,0,0,1,1,0,-1,0,1
0,0,-1,0,1,0,0,1,0,1
1,1,1,1,1,1,-1,-1,0,-1
-1,-1,0,-1,0,1,-1,-1,0,1
-1,0,-1,1,1,1,-1,-1,0,1
1,0,1,-1,1,-1,0,1,1,-1
1,0,0,1,-1,0,-1,1,0,1
-1,0,1,0,0,1,0,1,0,-1
-1,-1,0,0,-1,1,0,-1,0,1
-1,-1,1,-1,1,1,1,-1,0,0
0,-1,1,0,1,0,0,1,0,1
1,-1,1,-1,1,-1,0,1,0,-1
-1,-1,-1,-1,-1,0,0,-1,0,1
1,0,1,-1,1,1,0,1,0,-1
1,-1,0,1,1,-1,1,1,0,-1
-1,-1,0,-1,0,1,-1,-1,0,1
-1,0,1,-1,1,0,1,-1,1,1
-1,-1,0,-1,-1,0,0,1,0,1
1,0,-1,-1,1,0,1,1,0,-1
-1,-1,-1,1,1,1,-1,-1,0,1
-1,0,-1,1,1,1,1,-1,0,1
1,-1,0,-1,-1,1,-1,-1,0,1
-1,0,0,-1,-1,0,-1,1,0,1
1,-1,0,-1,-1,0,1,-1,0,1
1,0,1,1,1,1,0,-1,0,-1
1,0,1,0,0,0,0,1,1,-1
-1,0,1,0,-1,-1,0,1,0,-1
-1,-1,-1,0,-1,1,0,-1,0,1
1,1,1,0,-1,0,1,-1,0,-1
1,-1,0,-1,-1,0,0,-1,0,1
1,0,1,-1,1,-1,0,1,0,-1
-1,-1,0,-1,-1,-1,0,1,0,0
0,0,-1,0,1,1,0,-1,0,1
0,-1,-1,0,1,0,0,-1,0,1
1,0,1,-1,-1,1,1,-1,0,-1
1,0,1,-1,1,-1,0,1,1,-1
1,0,1,-1,1,0,-1,1,1,-1
0,0,0,0,1,0,0,-1,0,1
1,0,1,1,1,-1,-1,1,0,-1
1,0,1,0,-1,0,1,1,0,-1
-1,0,1,0,-1,0,-1,1,0,-1
-1,0,-1,-1,-1,1,0,-1,0,1
1,0,1,0,-1,0,0,1,0,-1
-1,0,-1,-1,-1,-1,0,1,0,1
1,1,-1,-1,-1,1,1,-1,0,-1
1,0,1,1,1,-1,0,1,0,-1
1,0,1,0,-1,1,1,-1,0,-1
-1,-1,0,-1,-1,1,-1,-1,0,1
1,1,1,-1,1,-1,0,1,0,-1
1,0,1,0,-1,0,0,1,0,-1
-1,-1,-1,0,-1,0,0,1,0,1
-1,-1,0,-1,1,-1,0,1,0,1
-1,0,1,0,0,-1,1,1,0,-1
1,1,1,-1,1,0,-1,1,1,-1
1,0,1,0,-1,1,-1,-1,0,-1
1,1,1,0,0,1,-1,-1,0,-1
1,1,1,1,1,-1,1,1,0,-1
-1,-1,1,-1,-1,0,0,-1,0,1
0,0,-1,0,1,-1,-1,1,0,1
1,1,1,1,1,-1,0,1,1,-1
-1,-1,1,-1,0,1,-1,-1,0,-1
1,1,1,-1,-1,-1,1,1,0,0
1,0,1,1,0,-1,1,1,0,-1
-1,-1,-1,1,-1,1,1,-1,1,1
-1,0,0,-1,-1,-1,0,1,0,1
0,-1,-1,0,1,-1,1,1,0,1
-1,1,1,0,0,1,0,-1,0,-1
0,0,-1,0,1,1,0,-1,0,1
-1,0,-1,-1,-1,0,1,-1,0,1
-1,-1,1,-1,-1,0,0,-1,0,1
1,0,1,-1,1,-1,0,1,0,-1
1,1,1,0,0,-1,0,1,0,-1
1,-1,1,-1,-1,0,-1,1,0,-1
-1,-1,1,1,-1,1,-1,1,0,1
-1,-1,1,-1,-1,1,-1,-1,0,1
-1,0,1,0,0,-1,0,1,0,-1
1,-1,0,-1,1,-1,1,1,0,1
1,-1,1,1,1,0,1,1,0,-1
1,0,1,0,-1,0,-1,1,0,-1
1,-1,1,-1,1,-1,0,1,0,-1
1,-1,0,0,1,-1,-1,1,0,1
1,0,1,1,1,0,0,-1,0,-1
-1,-1,-1,-1,-1,0,1,-1,0,1
-1,-1,1,-1,0,0,-1,-1,0,1
1,0,1,0,-1,0,0,1,0,-1
0,-1,-1,0,0,-1,0,1,0,1
1,0,1,-1,1,0,-1,-1,0,-1
-1,0,-1,-1,-1,1,0,-1,0,1
-1,0,-1,-1,1,0,-1,-1,0,1
-1,0,-1,0,-1,1,-1,-1,0,1
1,0,1,-1,1,0,1,-1,0,-1
-1,-1,0,1,1,-1,1,1,0,1
1,0,1,1,0,0,1,1,0,-1
1,1,1,0,-1,0,-1,1,1,-1
1,0,1,-1,-1,0,0,-1,0,-1
1,1,1,0,0,1,1,-1,0,-1
1,-1,0,-1,1,-1,0,1,0,1
-1,-1,0,-1,-1,0,0,1,0,1
-1,-1,-1,-1,-1,1,0,1,0,1
-1,0,0,-1,-1,0,0,1,0,1
1,-1,1,-1,1,0,-1,1,0,1
1,0,0,1,-1,-1,0,1,0,-1
1,-1,0,-1,-1,0,-1,1,0,1
-1,-1,-1,-1,1,1,1,-1,0,1
1,-1,0,1,-1,-1,0,1,0,-1
-1,-1,0,0,-1,0,-1,1,0,1
-1,0,1,0,0,-1,0,1,1,-1
-1,-1,0,-1,-1,1,0,1,0,1
1,0,1,0,-1,1,1,-1,0,-1
1,0,1,1,0,1,1,-1,1,-1
0,0,-1,0,1,0,0,1,0,1
1,0,1,0,-1,1,0,-1,0,-1
1,-1,1,-1,1,0,0,1,0,-1
-1,0,0,0,-1,0,-1,1,0,1
-1,-1,0,-1,-1,0,-1,-1,0,1
-1,-1,-1,0,-1,-1,0,1,0,1
1,-1,1,0,-1,-1,1,1,0,-1
1,1,1,1,1,1,1,-1,0,-1
1,1,-1,-1,1,-1,0,1,0,-1
1,-1,1,0,1,0,-1,1,0,1
-1,-1,0,0,-1,1,-1,-1,0,1
1,0,1,-1,1,0,1,1,0,-1
0,-1,-1,0,1,1,0,-1,0,1
1,-1,1,-1,0,1,-1,-1,0,0
0,-1,-1,0,1,-1,0,1,0,1
1,1,-1,1,1,-1,0,1,0,-1
-1,-1,1,0,1,1,1,-1,0,1
1,0,1,0,-1,1,1,-1,0,-1
-1,0,-1,-1,-1,0,0,-1,0,1
0,-1,-1,0,1,0,0,1,0,1
-1,0,0,-1,-1,-1,-1,1,0,0
-1,-1,-1,-1,-1,0,-1,1,0,1
1,0,-1,0,0,1,-1,-1,0,-1
1,1,1,1,1,-1,1,1,1,-1
-1,-1,-1,-1,-1,-1,-1,1,0,1
1,0,1,1,1,0,0,1,0,-1
-1,0,-1,0,-1,0,1,1,0,1
-1,0,-1,1,1,-1,1,1,0,-1
1,1,1,0,0,-1,1,1,1,-1
-1,0,-1,-1,1,1,0,-1,0,1
1,0,-1,-1,-1,1,0,-1,0,-1
0,0,-1,0,0,1,-1,-1,0,1
1,-1,0,0,-1,1,-1,1,0,1
-1,-1,-1,-1,1,1,0,-1,0,1
1,1,1,-1,-1,1,1,-1,0,-1
0,-1,-1,0,0,0,0,1,0,1
1,0,1,-1,1,0,-1,1,1,-1
-1,-1,-1,0,-1,1,0,1,0,1
0,-1,-1,0,0,0,0,-1,0,1
-1,0,-1,-1,-1,0,0,1,0,1
1,0,1,-1,1,-1,1,1,0,-1
1,-1,-1,-1,1,1,-1,-1,0,-1
1,0,1,0,-1,0,0,1,0,-1
-1,-1,-1,0,-1,-1,0,1,0,1
1,1,1,-1,1,1,1,-1,0,-1
-1,-1,-1,-1,-1,1,0,-1,0,1
-1,-1,-1,-1,-1,0,0,-1,0,1
1,-1,1,1,1,-1,0,1,0,-1
-1,0,0,0,-1,1,-1,-1,0,1
1,-1,0,0,1,-1,0,1,0,-1
1,1,-1,-1,1,1,1,-1,0,0
1,0,1,-1,1,-1,1,1,0,-1
1,1,1,0,0,-1,0,1,1,-1
-1,-1,1,-1,-1,0,1,1,1,1
1,0,1,0,-1,1,1,-1,0,-1
1,1,0,0,-1,0,-1,1,0,-1
1,0,1,1,0,-1,1,1,0,-1
1,0,1,-1,1,0,0,1,0,-1
-1,-1,1,-1,-1,1,-1,-1,0,1
1,1,1,-1,-1,0,0,1,0,-1
1,0,1,1,1,0,1,1,0,-1
-1,0,0,-1,-1,-1,0,1,0,0
1,-1,1,-1,-1,0,-1,1,0,1
-1,-1,-1,0,-1,1,0,-1,0,1
1,0,-1,-1,1,1,1,-1,0,0
1,0,1,0,-1,0,0,1,0,-1
1,0,-1,-1,1,0,1,1,0,0
1,1,1,0,0,-1,0,1,0,-1
1,-1,1,1,1,-1,1,1,0,-1
-1,-1,0,-1,-1,0,0,-1,0,1
-1,0,0,0,-1,1,-1,-1,0,1
-1,0,-1,-1,-1,0,-1,-1,0,1
-1,-1,1,-1,-1,-1,-1,1,0,1
-1,-1,1,-1,1,1,0,1,0,0
0,-1,-1,0,1,1,1,-1,1,1
-1,-1,1,0,-1,-1,0,1,0,1
-1,0,1,-1,0,0,-1,1,0,1
1,-1,1,0,-1,1,1,-1,0,-1
1,1,1,-1,-1,0,-1,1,0,-1
-1,0,1,0,-1,0,1,1,1,1
0,0,-1,0,1,0,1,-1,1,1
0,0,-1,0,1,-1,0,1,0,1
-1,-1,-1,-1,-1,0,0,1,0,1
1,0,1,-1,-1,-1,1,1,0,0
-1,0,-1,-1,-1,1,0,-1,0,1
1,0,0,1,1,-1,-1,1,0,-1
-1,-1,1,-1,-1,0,1,1,0,0
-1,0,1,-1,-1,0,-1,-1,0,1
-1,-1,-1,-1,-1,0,0,-1,0,1
1,0,1,0,0,0,-1,1,0,-1
-1,-1,-1,-1,-1,0,0,1,0,1
1,-1,1,0,-1,-1,0,1,0,-1
1,-1,1,-1,-1,1,-1,-1,0,1
-1,-1,1,-1,1,1,0,-1,0,0
-1,-1,-1,-1,-1,1,0,-1,0,1
-1,-1,-1,0,-1,-1,1,1,1,1
1,1,1,-1,-1,-1,0,1,0,-1
1,0,1,1,0,-1,-1,1,1,-1
-1,-1,1,-1,-1,0,-1,1,0,1
1,1,1,0,-1,1,-1,-1,0,-1
1,0,1,1,1,0,1,1,0,-1
-1,-1,-1,0,-1,-1,1,1,1,1
0,0,-1,0,0,-1,0,1,0,1
1,0,1,-1,-1,0,0,1,0,-1
1,0,1,0,-1,0,0,1,0,-1
1,0,-1,0,-1,1,0,-1,0,-1
1,-1,0,-1,-1,0,-1,-1,0,1
-1,0,-1,0,-1,0,0,1,0,1
-1,-1,1,-1,-1,-1,0,1,0,1
-1,0,1,1,0,1,-1,-1,0,-1
1,0,1,-1,-1,-1,0,1,0,-1
1,0,1,0,0,-1,0,1,0,-1
-1,-1,0,-1,-1,1,0,-1,0,1
-1,-1,-1,-1,-1,0,1,-1,1,1
1,0,1,-1,1,0,1,1,0,-1
0,0,-1,0,1,0,-1,-1,0,1
0,0,1,0,0,-1,1,1,1,1
1,-1,1,-1,-1,1,1,-1,0,0
-1,-1,1,-1,1,1,0,-1,0,0
-1,-1,1,0,1,1,1,-1,0,1
1,0,1,0,-1,-1,-1,1,1,-1
1,0,1,0,-1,0,0,1,0,-1
1,0,1,-1,1,0,1,-1,0,-1
1,0,1,-1,1,-1,0,1,0,-1
1,-1,1,-1,1,1,1,-1,0,-1
0,-1,0,0,1,1,0,-1,0,1
1,1,1,-1,1,-1,0,1,0,-1
1,0,1,-1,1,-1,0,1,0,-1
1,1,1,1,1,-1,-1,1,0,-1
1,-1,0,0,-1,1,-1,-1,0,1
-1,-1,1,-1,0,1,-1,-1,0,1
-1,-1,1,0,-1,-1,1,1,1,1
-1,-1,0,-1,-1,0,-1,1,0,-1
1,0,1,0,-1,1,1,-1,0,-1
-1,-1,1,-1,0,0,-1,1,0,1
-1,0,1,-1,-1,0,-1,1,0,1
-1,0,0,-1,-1,1,-1,-1,0,1
1,-1,0,1,1,-1,-1,1,1,1
1,-1,-1,-1,1,-1,1,1,0,0
-1,-1,-1,0,-1,0,0,1,0,1
1,0,1,1,1,0,0,-1,0,-1
0,-1,0,0,1,0,0,1,0,1
1,-1,0,1,1,0,1,1,0,1
-1,-1,1,-1,-1,0,-1,-1,0,-1
1,-1,0,0,0,-1,1,1,0,-1
1,0,1,0,-1,-1,-1,1,1,-1
1,0,1,1,0,-1,-1,1,1,-1
-1,-1,-1,-1,-1,0,1,1,0,1
-1,1,1,1,1,-1,0,1,1,-1
1,0,0,1,1,1,0,-1,0,-1
1,0,1,-1,-1,-1,1,1,0,-1
1,1,1,1,0,1,1,-1,0,-1
-1,-1,1,-1,1,1,-1,-1,0,0
1,0,1,0,-1,-1,0,1,0,-1
1,0,1,1,1,0,0,-1,0,-1
1,1,1,-1,1,0,-1,1,0,-1
1,0,1,0,-1,-1,1,1,0,-1
-1,-1,-1,-1,-1,0,-1,1,0,1
1,1,1,1,1,-1,0,1,0,-1
1,0,1,1,0,-1,0,1,0,-1
1,0,1,1,1,-1,0,1,0,-1
-1,0,-1,-1,-1,0,-1,-1,0,1
0,0,-1,0,1,1,1,-1,0,1
1,0,1,-1,1,1,0,-1,0,-1
1,-1,0,1,0,0,-1,-1,0,-1
-1,0,1,0,-1,0,0,1,0,-1
-1,-1,1,-1,-1,0,0,1,0,1
1,0,1,-1,1,-1,1,1,1,-1
1,-1,0,1,1,-1,-1,1,1,-1
1,0,1,1,1,-1,0,1,1,-1
1,0,1,0,-1,0,0,-1,0,-1
-1,-1,1,0,-1,0,0,1,0,1
-1,-1,0,-1,-1,0,-1,-1,0,1
1,1,1,-1,-1,0,0,1,1,-1
-1,0,-1,-1,-1,1,1,-1,1,1
1,0,-1,1,1,0,1,1,0,-1
1,0,1,-1,1,-1,0,1,0,-1
-1,-1,0,0,-1,-1,-1,1,0,0
1,1,1,-1,-1,1,1,-1,0,0
1,0,1,1,1,-1,-1,1,0,-1
0,-1,0,0,0,0,-1,1,0,0
-1,-1,-1,0,-1,0,1,1,0,1
-1,-1,1,0,-1,0,1,1,0,1
1,0,-1,1,1,1,1,-1,0,-1
1,0,1,-1,1,0,1,-1,0,-1
0,-1,-1,0,1,-1,-1,1,0,1
1,0,1,-1,1,-1,-1,1,0,-1
1,0,1,-1,-1,0,1,1,0,0
1,1,1,-1,1,-1,0,1,0,-1
1,0,1,-1,-1,-1,1,1,1,0
-1,-1,1,-1,-1,-1,1,1,0,0
-1,-1,-1,0,1,0,1,1,1,1
1,0,1,-1,1,-1,1,1,0,-1
-1,0,-1,-1,1,1,-1,-1,0,1
0,-1,0,0,1,1,1,-1,1,1
1,1,-1,1,1,0,0,1,0,-1
1,-1,0,1,1,-1,1,1,0,1
1,0,1,0,-1,-1,1,1,0,-1
1,1,-1,1,1,1,-1,-1,0,-1
1,0,-1,-1,-1,1,1,1,0,-1
-1,0,1,1,1,-1,1,1,0,-1
1,0,0,0,-1,-1,-1,1,0,-1
1,-1,0,-1,-1,-1,-1,1,0,1
-1,-1,0,-1,-1,1,0,-1,0,1
1,0,1,0,-1,-1,1,1,0,-1
1,0,1,-1,1,0,0,1,1,-1
-1,-1,-1,0,-1,0,0,1,0,1
-1,-1,0,-1,-1,1,0,-1,0,1
1,1,1,-1,1,-1,-1,1,0,-1
-1,-1,1,-1,-1,1,-1,-1,0,1
0,-1,-1,0,1,0,0,1,0,1
1,0,-1,1,1,-1,0,1,0,-1
1,0,1,1,1,1,1,-1,0,-1
-1,0,0,0,-1,-1,-1,1,0,0
1,-1,0,-1,-1,1,0,-1,0,1
-1,0,1,-1,-1,1,-1,-1,0,1
0,-1,1,0,0,-1,-1,1,0,1
1,1,-1,1,1,-1,1,1,0,-1
1,-1,1,1,1,1,1,-1,0,-1
1,0,1,-1,1,0,1,1,1,-1
0,0,-1,0,0,1,1,-1,0,1
1,0,-1,0,-1,1,0,-1,0,-1
0,-1,1,0,1,1,-1,-1,0,1
-1,-1,0,-1,-1,0,0,-1,0,1
-1,0,1,0,-1,1,-1,-1,0,1
0,0,-1,0,0,1,0,-1,0,1
1,0,1,0,-1,0,1,1,0,-1
-1,0,-1,-1,1,1,-1,1,0,1
1,0,1,0,-1,0,0,1,0,-1
-1,0,1,-1,-1,1,0,1,0,-1
1,1,-1,1,1,1,1,-1,0,-1
0,0,0,0,1,0,0,-1,0,1
-1,0,1,-1,1,0,-1,1,0,0
1,1,0,0,-1,-1,-1,1,0,-1
1,0,1,1,1,-1,0,1,0,-1
-1,-1,-1,-1,-1,-1,0,1,0,1
-1,0,1,0,-1,0,0,1,0,-1
-1,0,-1,-1,-1,0,-1,-1,0,1
0,0,1,0,0,0,-1,1,0,1
1,0,1,1,1,0,-1,-1,0,-1
